event_name,responses,avg_rating,avg_sentiment,pos_rate
Workshop,72,3.0277777777777777,0.38105972222222223,66.66666666666666
Sports Day,66,2.696969696969697,0.3295878787878788,74.24242424242425
Seminar,57,3.1578947368421053,0.3551,73.68421052631578
Tech Fest,53,2.9245283018867925,0.2433811320754717,64.15094339622641
Cultural Night,52,2.980769230769231,0.3000076923076923,71.15384615384616
